{
    "version": "0.2.0",
    "configurations": [
        {
            "name": "g++.exe build and debug active file",
            "type": "cppdbg",
            "request": "launch",
            "program": "${fileDirname}\\${fileBasenameNoExtension}.exe",
            "args": [],
            "stopAtEntry": false,
            "cwd": "${workspaceFolder}",
            "environment": [],
            "externalConsole": true, //set to true to see output in cmd instead
            "MIMode": "gdb",
            "miDebuggerPath": "C:\\MinGW\\bin\\gdb.exe",
            // "setupCommands": [
            //     {
            //         "description": "Enable pretty-printing for gdb",
            //         "text": "-enable-pretty-printing",
            //         "ignoreFailures": true
            //     }
            // ],
            "preLaunchTask": "build"
        },
        {
            "name": "g++ build & run active file",
            "type": "cppdbg",
            "request": "launch",
            "program": "${fileDirname}\\${fileBasenameNoExtension}.exe",
            "args": [],
            "stopAtEntry": false,
            "cwd": "${workspaceFolder}",
            "environment": [],
            "externalConsole": false, //set to true to see output in cmd instead
            "MIMode": "gdb",
            "miDebuggerPath": "C:\\MinGW\\bin\\gdb.exe",
            // "setupCommands": [
            //     {
            //         "description": "Enable pretty-printing for gdb",
            //         "text": "-enable-pretty-printing",
            //         "ignoreFailures": true
            //     }
            // ],
            "preLaunchTask": "g++ build & run active file"
        }
    ]
}