{
  "version": "2.0.0",
  "tasks": [
      {
          "label": "compile and run",
          "type": "shell",
          "command": "cls; g++ ${file} -o ${fileBasenameNoExtension}; ./${fileBasenameNoExtension} ",
    //     "command": "C:\\MinGW\\bin\\g++.exe",
    //   "args": [
    //     "${file}",
    //     "-o",
    //     "${fileDirname}\\${fileBasenameNoExtension}.exe"
    //   ],
    //   "options": {
    //     "cwd": "C:\\MinGW\\bin"
    //   },
          "presentation": {
              "reveal": "always",
              "panel": "shared"
          },
          "group": {
              "kind": "build",
              "isDefault": true
          }
      },
      {
        "type": "shell",
        "label": "build",
        "command": "C:\\MinGW\\bin\\g++.exe",
        "args": [
          "-g",
          "${file}",
          "-o",
          "${fileDirname}\\${fileBasenameNoExtension}.exe"
        ],
        "options": {
          "cwd": "C:\\MinGW\\bin"
        }
      }
  ]
}